account,token,total_internal
0xb3b454c4b4a73ccdd5c79c8e0e4e703b478e872d,0xc02aaa39b223fe8d0a0e5c4f27ead9083c756cc2,306738084289925
0xaf28e2a58ef2d6d88fb4cdc28f380908bade162b,0xa0b86991c6218b36c1d19d4a2e9eb0ce3606eb48,913721
0xbad4b03a764fb27cdf65d23e2e59b76172526867,0xa0b86991c6218b36c1d19d4a2e9eb0ce3606eb48,427781
0xb78003fcb54444e289969154a27ca3106b3f41f6,0xa0b86991c6218b36c1d19d4a2e9eb0ce3606eb48,721126
0x1477bbce213f0b37b05e3ba0238f45d658d9f8b1,0xa0b86991c6218b36c1d19d4a2e9eb0ce3606eb48,843588
0x48e39dfd0450601cb29f74cb43fc913a57fca813,0xa0b86991c6218b36c1d19d4a2e9eb0ce3606eb48,212416
0x8d9261369e3bfba715f63303236c324d2e3c44ec,0xc02aaa39b223fe8d0a0e5c4f27ead9083c756cc2,4652374829510626
0xb1f0e758951a02b24d04dd211d0424445ae04c5c,0xbea0000029ad1c77d3d5d23ba2d8893db9d1efab,114200
0xcf0dcc80f6e15604e258138cca455a040ecb4605,0xdac17f958d2ee523a2206206994597c13d831ec7,8040
0x15d6d330f374a796210efc1445f1f3ea07a0b1ef,0xdac17f958d2ee523a2206206994597c13d831ec7,674340
0xf6aaada76ea7f044ffa028565b028740dce5389f,0xdac17f958d2ee523a2206206994597c13d831ec7,4
0x44db0002349036164dd46a04327201eb7698a53e,0xbea0000029ad1c77d3d5d23ba2d8893db9d1efab,51526644
0x617e336ff734097adddf9fc9af09a5a7690fa091,0xbea0000029ad1c77d3d5d23ba2d8893db9d1efab,42834759
0x19c5bad4354e9a78a1ca0235af29b9eacf54ff2b,0xdac17f958d2ee523a2206206994597c13d831ec7,295625
0x404a75f728d7e89197c61c284d782ec246425aa6,0xc9c32cd16bf7efb85ff14e0c8603cc90f6f2ee49,2101267983958729064
0x9c529180015f78e13288831a2cf06da2e9304271,0xbea0000029ad1c77d3d5d23ba2d8893db9d1efab,338731278
0x93c950e36f3c155b2141f1516b7ea5b6d15ed981,0xbea0000029ad1c77d3d5d23ba2d8893db9d1efab,523
0x334f12f269213371fb59b328bb6e182c875e04b2,0xc02aaa39b223fe8d0a0e5c4f27ead9083c756cc2,438792308164754
0x58e4e9d30da309624c785069a99709b16276b196,0xdac17f958d2ee523a2206206994597c13d831ec7,5014427
0x576a4d006543d7ba103933d6dbd1e3cdf86e22d3,0xbea0000029ad1c77d3d5d23ba2d8893db9d1efab,17447594
0x11d86e9f9c2a1cf597b974e50c660316c92215aa,0xa0b86991c6218b36c1d19d4a2e9eb0ce3606eb48,676253
0x9dc4d973f76c0051bba8900f8ffb4652110f1591,0xa0b86991c6218b36c1d19d4a2e9eb0ce3606eb48,456737
0xd15b5fa5370f0c3cc068f107b7691e6dab678799,0xa0b86991c6218b36c1d19d4a2e9eb0ce3606eb48,254197
0x679b4172e1698579d562d1d8b4774968305b80b2,0xa0b86991c6218b36c1d19d4a2e9eb0ce3606eb48,226716
0xd03c52b3256b5e102ce4bf6bb53d4be9d9963838,0xdac17f958d2ee523a2206206994597c13d831ec7,23
0xfb8a7286faba378a15f321cd82425b6b5e855b27,0xbea0000029ad1c77d3d5d23ba2d8893db9d1efab,415681478
0x642c9e3d3f649f9fccb9f28707a0260ba1e156b1,0xa0b86991c6218b36c1d19d4a2e9eb0ce3606eb48,954535
0x87c5e5413d60e1419fd70b17c6d299aa107efb49,0xbea0000029ad1c77d3d5d23ba2d8893db9d1efab,4083000000
0xfc748762f301229bcea219b584fdf8423d8060a1,0xa0b86991c6218b36c1d19d4a2e9eb0ce3606eb48,1893822
0x854e4406b9c2cfdc36a8992f1718e09e5f0d2371,0xbea0000029ad1c77d3d5d23ba2d8893db9d1efab,119
0xa24e91f2684a69ffe0a10a5cc384f9e0b163dd8b,0xbea0000029ad1c77d3d5d23ba2d8893db9d1efab,8994157
0xd3c1e750b5664170f4af828145295b678bafd460,0xa0b86991c6218b36c1d19d4a2e9eb0ce3606eb48,668488
0xa5a8ac5d57a2831db4fb5c7988a88af25eb34191,0xbea0000029ad1c77d3d5d23ba2d8893db9d1efab,19623324
0x87d5ecbfc46e3b17b50b3ed69d97f0ec7d663b45,0xbea0000029ad1c77d3d5d23ba2d8893db9d1efab,1214290
0x340bc7511e4e6c1cdd9dcd8f02827fd08edc6fb2,0xa0b86991c6218b36c1d19d4a2e9eb0ce3606eb48,708531
0xf3dfdaf97ebda5556fce939c4cf1cb1436138072,0xdac17f958d2ee523a2206206994597c13d831ec7,343378
0xd441c97ef1458d847271f91714799007081494ef,0xc02aaa39b223fe8d0a0e5c4f27ead9083c756cc2,1054460287592864
0x23ed1e6384705dfd23788d5093266c0d9ebe3fae,0xbea0000029ad1c77d3d5d23ba2d8893db9d1efab,408521373
0x36998db3f9d958f0ebaef7b0b6bf11f3441b216f,0xc9c32cd16bf7efb85ff14e0c8603cc90f6f2ee49,4102516079246610902
0x234831d4cff3b7027e0424e23f019657005635e1,0xbea0000029ad1c77d3d5d23ba2d8893db9d1efab,5787716
0x6d4ed8a1599dee2655d51b245f786293e03d58f7,0xa0b86991c6218b36c1d19d4a2e9eb0ce3606eb48,391482
0xeb8942fa2a8cd0f2ff9f1b059f94de01a05d5ce7,0xbea0000029ad1c77d3d5d23ba2d8893db9d1efab,2888550
0x7d50bfead43d4fdd47a8a61f32305b2de21068bd,0xc02aaa39b223fe8d0a0e5c4f27ead9083c756cc2,281417444319406
0xf679a24bbf27c79db5148a4908488fa01ed51625,0xc9c32cd16bf7efb85ff14e0c8603cc90f6f2ee49,6394083298607243
0xa1a234791392c42bd0c95e37e6908ae704d595bd,0xdac17f958d2ee523a2206206994597c13d831ec7,6358
0xe27bdf8c099934f425a1c604dfc9a82c3b3dd458,0xa0b86991c6218b36c1d19d4a2e9eb0ce3606eb48,193467
0xdf29ee8f6d1b407808eb0270f5b128dc28303684,0xa0b86991c6218b36c1d19d4a2e9eb0ce3606eb48,919766
0x0a53d9586dd052a06fca7649a02b973cc164c1b4,0xdac17f958d2ee523a2206206994597c13d831ec7,559901
0x7e946603f26b7f46fdb0d106124db35bf14fcdb8,0xc02aaa39b223fe8d0a0e5c4f27ead9083c756cc2,150306438028748
0x4ec2dcdfb3c165da62dd1367cb42fe7551524984,0xdac17f958d2ee523a2206206994597c13d831ec7,120660
0x2303fd39e04cf4d6471df5ee945bd0e2cfb6c7a2,0xbea0000029ad1c77d3d5d23ba2d8893db9d1efab,384120000
0x49072cd3bf4153da87d5eb30719bb32bda60884b,0xa0b86991c6218b36c1d19d4a2e9eb0ce3606eb48,284690
0x521415eec0f5bec71704aaaf9ae0afe70323ffab,0x1bea3ccd22f4ebd3d37d731ba31eeca95713716d,11848442131
0xab9497de5d2d768ca9d65c4efb19b538927f6732,0xa0b86991c6218b36c1d19d4a2e9eb0ce3606eb48,420319
0xf7d48932f456e98d2ff824e38830e8f59de13f4a,0xdac17f958d2ee523a2206206994597c13d831ec7,1259176
0xcdea6a23b9383a88e246975ad3f38778ee0e81fc,0xa0b86991c6218b36c1d19d4a2e9eb0ce3606eb48,166725
0x31deae0ddc9f0d0207d13fc56927f067f493d324,0xa0b86991c6218b36c1d19d4a2e9eb0ce3606eb48,29792
0x1f3236f64cb6878f164e3a281c2a9393e19a6d00,0xbea0000029ad1c77d3d5d23ba2d8893db9d1efab,101222200
0x48a5a6a01ba89cddf97d2d552923d5a11401ed19,0xa0b86991c6218b36c1d19d4a2e9eb0ce3606eb48,360155
0xff6bdfc378be9bb2fcd8b081aa15f2bdaeb0f441,0xc02aaa39b223fe8d0a0e5c4f27ead9083c756cc2,1846363468268987
0xab282590375f4ce7d3ffed3a0d0e36cc5f9ff124,0xbea0000029ad1c77d3d5d23ba2d8893db9d1efab,654933466
0xf7cca800424e518728f88d7fc3b67ed6dfa0693c,0xdac17f958d2ee523a2206206994597c13d831ec7,182867
0x9c695f16975b57f730727f30f399d110cfc71f10,0xbea0000029ad1c77d3d5d23ba2d8893db9d1efab,35167085439
0x1c4e440e9f9069427d11bb1bd73e57458eea9577,0xa0b86991c6218b36c1d19d4a2e9eb0ce3606eb48,776361
0x86dcc2325b1c9d6d63d59b35ebab90607ead7c6c,0xbea0000029ad1c77d3d5d23ba2d8893db9d1efab,1094
0xc38f042ae8c77f110c33eabfaa5ed28861760ac6,0xbea0000029ad1c77d3d5d23ba2d8893db9d1efab,18131500
0x3800645f556ee583e20d6491c3a60e9c32744376,0xbea0000029ad1c77d3d5d23ba2d8893db9d1efab,209616259
0x58e4e9d30da309624c785069a99709b16276b196,0xa0b86991c6218b36c1d19d4a2e9eb0ce3606eb48,950677
0x6f77e3a2c7819c5dcf0b1f0d53264b65c4cb7c5a,0xbea0000029ad1c77d3d5d23ba2d8893db9d1efab,134440000
0xdb599daa6d9afb1f911a29bbfccedbb8e51c9b0c,0xbea0000029ad1c77d3d5d23ba2d8893db9d1efab,23298
0x3d4fcd5e5fcb60fca9dd4c5144aa970865325803,0xa0b86991c6218b36c1d19d4a2e9eb0ce3606eb48,294773
0xf3e9848d5acce2f83b8078ee21f458e59ec4289a,0xa0b86991c6218b36c1d19d4a2e9eb0ce3606eb48,8073845
0x295efa47f527b30b45e51e6f5b4f4b88cf77ca17,0xa0b86991c6218b36c1d19d4a2e9eb0ce3606eb48,1306893
0x95d1c6ecb2951e3111333c987f8a0d939a9b7b09,0xdac17f958d2ee523a2206206994597c13d831ec7,958
0x66801cc7ab6791afb179cc94cbbd268cfbfcbc7b,0xdac17f958d2ee523a2206206994597c13d831ec7,376
0x434252f52ce25da0e64f0c38ebc65258aabb2844,0xa0b86991c6218b36c1d19d4a2e9eb0ce3606eb48,682087
0x15d6d330f374a796210efc1445f1f3ea07a0b1ef,0xa0b86991c6218b36c1d19d4a2e9eb0ce3606eb48,555905
0xfe42972c584e442c3f0a49cb2930e55d5bf13ba7,0xbea0000029ad1c77d3d5d23ba2d8893db9d1efab,71541640
0x91443af8b0b551ba45208f03d32b22029969576c,0xa0b86991c6218b36c1d19d4a2e9eb0ce3606eb48,796481
0x144e8fe2e2052b7b6556790a06f001b56ba033b3,0xbea0000029ad1c77d3d5d23ba2d8893db9d1efab,245809878
0xa92ab746eac03e5ec31cd3a879014a7d1e04640c,0xbea0000029ad1c77d3d5d23ba2d8893db9d1efab,214955916
0xe182f132b7ab8639c3b2faeba87f4c952b4b2319,0xbea0000029ad1c77d3d5d23ba2d8893db9d1efab,266
0x66b0115e839b954a6f6d8371dee89de90111c232,0xbea0000029ad1c77d3d5d23ba2d8893db9d1efab,84596244
0xaf812e8babab3173edce179fe6fc6c2b1c482e39,0xc02aaa39b223fe8d0a0e5c4f27ead9083c756cc2,10996566328115645
0x26078aa092208d0a93a9c564a24619b9fbd105ff,0xa0b86991c6218b36c1d19d4a2e9eb0ce3606eb48,103877
0x3c58492ad9cad0d9f8570a80b6a1f02c0c1da2c5,0xa0b86991c6218b36c1d19d4a2e9eb0ce3606eb48,156108
0x9662c8e686fe84f468a139b10769d65665c344f9,0xa0b86991c6218b36c1d19d4a2e9eb0ce3606eb48,2691514676
0x3d4fcd5e5fcb60fca9dd4c5144aa970865325803,0xbea0000029ad1c77d3d5d23ba2d8893db9d1efab,33331775
0x3a1bc767d7442355e96ba646ff83706f70518daa,0xc02aaa39b223fe8d0a0e5c4f27ead9083c756cc2,922123604762026
0x473812413b6a8267c62ab76095463546c1f65dc7,0xbea0000029ad1c77d3d5d23ba2d8893db9d1efab,4476318
0x69e02d001146a86d4e2995f9ecf906265aa77d85,0xdac17f958d2ee523a2206206994597c13d831ec7,766147
0x951b928f2a8ba7ce14cc418cfebfee30a57294c3,0xbea0000029ad1c77d3d5d23ba2d8893db9d1efab,734209064
0xe5a7a206e9a8769f90ca792ebb68e9268231f717,0xc02aaa39b223fe8d0a0e5c4f27ead9083c756cc2,67515273425
0x682864c9bc8747c804a6137d6f0e8e087f49089e,0xdac17f958d2ee523a2206206994597c13d831ec7,7598
0x3b70dae598e7aba567d2513a7c7676f7536cadcb,0xbea0000029ad1c77d3d5d23ba2d8893db9d1efab,2
0x8d98fff066733b1867e83d1e9563dbe2ad93d933,0xbea0000029ad1c77d3d5d23ba2d8893db9d1efab,3080080
0x9a37cef306b26c46178f345ef7a51790c33933cb,0xbea0000029ad1c77d3d5d23ba2d8893db9d1efab,1875000000
0xc5581f1ae61e34391824779d505ca127a4566737,0xdac17f958d2ee523a2206206994597c13d831ec7,68503
0x7003d82d2a6f07f07fc0d140e39ebb464024c91b,0xa0b86991c6218b36c1d19d4a2e9eb0ce3606eb48,769910
0xd2d038f866ef6441e598e0f685f885693ef59917,0xbea0000029ad1c77d3d5d23ba2d8893db9d1efab,6848127
0x3800645f556ee583e20d6491c3a60e9c32744376,0xa0b86991c6218b36c1d19d4a2e9eb0ce3606eb48,162467
0x55179ffefc2d49dab14ba15d25fb023408450409,0xa0b86991c6218b36c1d19d4a2e9eb0ce3606eb48,170072
0xc1d1f253e40d2796fb652f9494f2cee8255a0a4f,0xa0b86991c6218b36c1d19d4a2e9eb0ce3606eb48,861365
0x40e652fe0ec7329dc80282a6db8f03253046efde,0xdac17f958d2ee523a2206206994597c13d831ec7,11771572
0x5292cf4e13f7ed082ec2996f8f8a549a05b2e6af,0xa0b86991c6218b36c1d19d4a2e9eb0ce3606eb48,49943
0xaa4f23a13f25e88ba710243dd59305f382376252,0xa0b86991c6218b36c1d19d4a2e9eb0ce3606eb48,49626
0xf1ada345a33f354e5ba0a5ba432e38d7e3fcae22,0xbea0000029ad1c77d3d5d23ba2d8893db9d1efab,1
0x38f733fb3180276be19135b3878580126f32c5ab,0xdac17f958d2ee523a2206206994597c13d831ec7,17
0x6db2a4b208d03ca20bc800d42e7f42ec1e54a86b,0xdac17f958d2ee523a2206206994597c13d831ec7,489784
0x70c61c13ccef8c8a7e74933dfb037aae0c2bea31,0xbea0000029ad1c77d3d5d23ba2d8893db9d1efab,212357167
0x0e4d2c272f192bcc5ef7bb3d8a09bda087652162,0xbea0000029ad1c77d3d5d23ba2d8893db9d1efab,17362482
0x4dde0c41511d49e83ace51c94e668828214d9c51,0xa0b86991c6218b36c1d19d4a2e9eb0ce3606eb48,367275
0x25f69051858d6a8f9a6e54dafb073e8ef3a94c1e,0xa0b86991c6218b36c1d19d4a2e9eb0ce3606eb48,190665
0x372c757349a5a81d8cf805f4d9cc88e8778228e6,0xbea0000029ad1c77d3d5d23ba2d8893db9d1efab,245129326
0xe381ceb106717c176013adfce95f9957b5ea3da9,0xbea0000029ad1c77d3d5d23ba2d8893db9d1efab,59215020
0xde33e58f056ff0f23be3ef83ab6e1e0bec95506f,0xbea0000029ad1c77d3d5d23ba2d8893db9d1efab,18342
0xb75313ee4f5bab9ac4a004c430d5ea792ba27ed0,0xbea0000029ad1c77d3d5d23ba2d8893db9d1efab,6554301
0x1525797dc406ccacc8c044beca3611882d5bbd53,0xdac17f958d2ee523a2206206994597c13d831ec7,6080
0xc38f042ae8c77f110c33eabfaa5ed28861760ac6,0xa0b86991c6218b36c1d19d4a2e9eb0ce3606eb48,272085
0xbaec6ed4a9c3b333e1cb20c3e729d7100c85d8f1,0xc02aaa39b223fe8d0a0e5c4f27ead9083c756cc2,2470924341964
0x9ada95ce2a188c51824ef76dd49850330af7545f,0x1bea0050e63e05fbb5d8ba2f10cf5800b6224449,9001888
0xf092ca027a2dc87d60586c658d8279018c4a6c74,0xbea0000029ad1c77d3d5d23ba2d8893db9d1efab,1260
0xad63e4d4be2229b080d20311c1402a2e45cf7e75,0xdac17f958d2ee523a2206206994597c13d831ec7,680719
0xe249d1be97f4a716cde0d7c5b6b682f491621c41,0xa0b86991c6218b36c1d19d4a2e9eb0ce3606eb48,11846
0x02009370ff755704e9acbd96042c1ab832d6067e,0xa0b86991c6218b36c1d19d4a2e9eb0ce3606eb48,573351578
0x4c7b7ba495f6da17e3f07ab134a9c2c79df87507,0xbea0000029ad1c77d3d5d23ba2d8893db9d1efab,52589784
0x71f9ccd68bf1f5f9b571f509e0765a04ca4ffad2,0xdac17f958d2ee523a2206206994597c13d831ec7,24
0x14f78bdcccd12c4f963bd0457212b3517f974b2b,0xa0b86991c6218b36c1d19d4a2e9eb0ce3606eb48,8525
0xb9f14efae1d14b6d06816b6e3a5f6e79c87232fa,0xa0b86991c6218b36c1d19d4a2e9eb0ce3606eb48,66077286
0x734a6263fe23c1d68ec9042e03082575c34c968c,0xa0b86991c6218b36c1d19d4a2e9eb0ce3606eb48,1043789
0xf9621f7598962226c397bda4c71f48bb16034fdc,0xbea0000029ad1c77d3d5d23ba2d8893db9d1efab,80113019
0x575c9606cfccf6f93d2e5a0c37d2c7696bcab132,0xdac17f958d2ee523a2206206994597c13d831ec7,312428
0x5656cb4721c21e1f5dcbe03db9026ac0203d6e4f,0xa0b86991c6218b36c1d19d4a2e9eb0ce3606eb48,508883
0x9cfd5052dc827c11a6b3ab2bb5091773765ea2c8,0x6b175474e89094c44da98b954eedeac495271d0f,838765749769822737
0xd360ecb91406717ad13c4fae757b69b417e2af6b,0x6c3f90f043a72fa612cbac8115ee7e52bde6e490,43601079042266460869
0x18c6a47aca1c6a237e53ed2fc3a8fb392c97169b,0xa0b86991c6218b36c1d19d4a2e9eb0ce3606eb48,964289
0x264c1cbec44f201d0ebe67b269d16b3edc909c61,0xa0b86991c6218b36c1d19d4a2e9eb0ce3606eb48,1205786
0xd0988045f54baf8466a2ea9f097b22eeca8f7a00,0xbea0000029ad1c77d3d5d23ba2d8893db9d1efab,2660000
0x7193b82899461a6ac45b528d48d74355f54e7f56,0xdac17f958d2ee523a2206206994597c13d831ec7,849458
0x5b9a2267a9e9b81fbf01ba10026fcb7b2f7304d3,0xdac17f958d2ee523a2206206994597c13d831ec7,4982
0xe63e2cdd24695464c015b2f5ef723ce17e96886b,0xa0b86991c6218b36c1d19d4a2e9eb0ce3606eb48,303966814
0xfb8a7286faba378a15f321cd82425b6b5e855b27,0xa0b86991c6218b36c1d19d4a2e9eb0ce3606eb48,674651
0x153072c11d6dffc0f1e5489bc7c996c219668c67,0xc02aaa39b223fe8d0a0e5c4f27ead9083c756cc2,99896408349110369
0x848ab321b59da42521d10c07c2453870b9850c8a,0xa0b86991c6218b36c1d19d4a2e9eb0ce3606eb48,270546
0x7d6a2f6d7c2f7dd51c47b5ea9faa3ae208185ec7,0xa0b86991c6218b36c1d19d4a2e9eb0ce3606eb48,693171
0x2972bf9b54ac5100d747150dfd684899c0abec5e,0x6b175474e89094c44da98b954eedeac495271d0f,1311585427188993004
0x9e0cb69ae6a5ad4eb870eb18d051efe642ed7db4,0xbea0000029ad1c77d3d5d23ba2d8893db9d1efab,7000799232
0x9a00beffa3fc064104b71f6b7ea93babdc44d9da,0xdac17f958d2ee523a2206206994597c13d831ec7,31818935
0x96d48b045c9f825f2999c533ad56b6b0fca91f92,0xdac17f958d2ee523a2206206994597c13d831ec7,385630
0x1083d7254e01becd64c3230612bf20e14010d646,0x6b175474e89094c44da98b954eedeac495271d0f,100000223647147414074
0x2e34723a04b9bb5938373dcfdd61410f43189246,0xc9c32cd16bf7efb85ff14e0c8603cc90f6f2ee49,1624543276804827924
0xb54f4f12c886277eef6e34b7e1c12c4647b820b2,0x1bea0050e63e05fbb5d8ba2f10cf5800b6224449,7535837795
0x7d6a2f6d7c2f7dd51c47b5ea9faa3ae208185ec7,0xdac17f958d2ee523a2206206994597c13d831ec7,8
0xe27bdf8c099934f425a1c604dfc9a82c3b3dd458,0xdac17f958d2ee523a2206206994597c13d831ec7,850312
0x144e8fe2e2052b7b6556790a06f001b56ba033b3,0xa0b86991c6218b36c1d19d4a2e9eb0ce3606eb48,1635241
0xe21274b5c4cb75830f79d3a0dc38e7ee49ec5b17,0xa0b86991c6218b36c1d19d4a2e9eb0ce3606eb48,413451
0x96d48b045c9f825f2999c533ad56b6b0fca91f92,0xbea0000029ad1c77d3d5d23ba2d8893db9d1efab,14831780
0x1d58e9c7b65b4f07afb58c72d49979d2f2c7a3f7,0xa0b86991c6218b36c1d19d4a2e9eb0ce3606eb48,880842
0xe1d045be479ce7127186896a0149aac7137b455e,0xbea0000029ad1c77d3d5d23ba2d8893db9d1efab,30
0xa5c9a58776682701cfd014f68ed73d1895d9b372,0xbea0000029ad1c77d3d5d23ba2d8893db9d1efab,16888185
0x7377bc02c27ea5e5d370eee934de1576ee1952fe,0xdac17f958d2ee523a2206206994597c13d831ec7,335577
0xde3e4d173f754704a763d39e1dcf0a90c37ec7f0,0xbea0000029ad1c77d3d5d23ba2d8893db9d1efab,118523944
0x5f37479c76f16d94afcc394b18cf0727631d8f91,0xa0b86991c6218b36c1d19d4a2e9eb0ce3606eb48,448301
0xbf68f1ce39ed3bd9b20944260aa678bb934d164b,0xc02aaa39b223fe8d0a0e5c4f27ead9083c756cc2,266245826360123
0xc85b16c4da8d63125ecc2558938d7ef4d47eeb40,0xa0b86991c6218b36c1d19d4a2e9eb0ce3606eb48,406600
0x44e836ebfef431e57442037b819b23fd29bc3b69,0xbea0000029ad1c77d3d5d23ba2d8893db9d1efab,66899000
0x6db2a4b208d03ca20bc800d42e7f42ec1e54a86b,0xa0b86991c6218b36c1d19d4a2e9eb0ce3606eb48,404701
0xd5ae1639e5ef6ecf241389894a289a7c0c398241,0xdac17f958d2ee523a2206206994597c13d831ec7,139738
0x87263a1ac2c342a516989124d0dba63df6d0e790,0xa0b86991c6218b36c1d19d4a2e9eb0ce3606eb48,554841
0x94784d0c083128cd90ed9abd210f16762428150a,0xbea0000029ad1c77d3d5d23ba2d8893db9d1efab,21245
0xa09dea781e503b6717bc28fa1254de768c6e1c4e,0xbea0000029ad1c77d3d5d23ba2d8893db9d1efab,4320234
0xcfff6932d4ada56f6f1aedaa61f6947cec95d90a,0xa0b86991c6218b36c1d19d4a2e9eb0ce3606eb48,1090297
0x8fe8686b254e6685d38eabdc88235d74bf0cbead,0xa0b86991c6218b36c1d19d4a2e9eb0ce3606eb48,135525
0x53ba90071ff3224adca6d3c7960ad924796fed03,0xdac17f958d2ee523a2206206994597c13d831ec7,38845
0x5a7f487d4a9894583de2dbf3114f46695dd0b7f1,0xdac17f958d2ee523a2206206994597c13d831ec7,62136956
0xcb89e2300e22ec273f39e69e79e468723ad65158,0xdac17f958d2ee523a2206206994597c13d831ec7,1044081
0x8110331dbad6e7907f60b8bbb0e1a3af3ddb4bbd,0xdac17f958d2ee523a2206206994597c13d831ec7,38280
0xbe2075ac5b3d3e92293c0e3f3ea3f503f8c0354d,0xa0b86991c6218b36c1d19d4a2e9eb0ce3606eb48,811568
0xe84c01208c4868d5615fccf0b98f8c90f460d2b6,0xa0b86991c6218b36c1d19d4a2e9eb0ce3606eb48,1213953
0x90fe1ad4f312dcce621389fc73a06dccfd923211,0xdac17f958d2ee523a2206206994597c13d831ec7,757835134
0xc1e03e7f928083acac4fed410cb0963ba61c8e0d,0xbea0000029ad1c77d3d5d23ba2d8893db9d1efab,4320
0xad63e4d4be2229b080d20311c1402a2e45cf7e75,0xa0b86991c6218b36c1d19d4a2e9eb0ce3606eb48,353533
0xf7d48932f456e98d2ff824e38830e8f59de13f4a,0xa0b86991c6218b36c1d19d4a2e9eb0ce3606eb48,1683270
0x69b03bfc650b8174f5887b2320338b6c29150bce,0xbea0000029ad1c77d3d5d23ba2d8893db9d1efab,32219302
0xc1f80163cc753f460a190643d8fcbb7755a48409,0xa0b86991c6218b36c1d19d4a2e9eb0ce3606eb48,596980
0x8a782809d316b5f32b9512f98368337258194006,0xbea0000029ad1c77d3d5d23ba2d8893db9d1efab,149259214
0xa714b49ff1bae62e141e6a05bb10356069c31518,0xbea0000029ad1c77d3d5d23ba2d8893db9d1efab,99999722
0x8e32736429d2f0a39179214c826deef5b8a37861,0xdac17f958d2ee523a2206206994597c13d831ec7,31761
0x8623b240830fd2c33b1b5c8449f98fd606de88a8,0xa0b86991c6218b36c1d19d4a2e9eb0ce3606eb48,633169
0x4888c0030b743c17c89a8af875155cf75dcfd1e1,0xbea0000029ad1c77d3d5d23ba2d8893db9d1efab,52685357
0x1309df760d05a7e9ba396d9a6f8dd4305c4d25bf,0xbea0000029ad1c77d3d5d23ba2d8893db9d1efab,14479188
0xa96fc7f4468359045d355c8c6eb79c03aac9fb22,0xa0b86991c6218b36c1d19d4a2e9eb0ce3606eb48,659083
0xb57fd427c7a816853b280d8c445184e95fe8f61a,0xbea0000029ad1c77d3d5d23ba2d8893db9d1efab,467147475
0x3d63719699585fd0bb308174d3f0ad8082d8c5a2,0xbea0000029ad1c77d3d5d23ba2d8893db9d1efab,38404705
0x4ca3e5bdf3823febbe18f9664cded14b7243971c,0xa0b86991c6218b36c1d19d4a2e9eb0ce3606eb48,2352621
0x735cab9b02fd153174763958ffb4e0a971dd7f29,0x576e2bed8f7b46d34016198911cdf9886f78bea7,10688461251947
0xbe289902a13ae7ba22524cb366b3c3666c10f38f,0x1bea0050e63e05fbb5d8ba2f10cf5800b6224449,25886880082
0x9a428d7491ec6a669c7fe93e1e331fe881e9746f,0xdac17f958d2ee523a2206206994597c13d831ec7,184162
0x68e41bdd608fc5ee054615cf2d9d079f9e99c483,0xa0b86991c6218b36c1d19d4a2e9eb0ce3606eb48,1396888
0xc89a6f24b352d35e783ae7c330462a3f44242e89,0xa0b86991c6218b36c1d19d4a2e9eb0ce3606eb48,902042
0x559fb65c37ca2f546d869b6ff03cfb22dafde9df,0xbea0000029ad1c77d3d5d23ba2d8893db9d1efab,24756145
0x36a00b5b1fe482c51e726ab8f92b84499053bf7e,0xdac17f958d2ee523a2206206994597c13d831ec7,143
0xe1d045be479ce7127186896a0149aac7137b455e,0xa0b86991c6218b36c1d19d4a2e9eb0ce3606eb48,768629
0x9a428d7491ec6a669c7fe93e1e331fe881e9746f,0xbea0000029ad1c77d3d5d23ba2d8893db9d1efab,37404522
0x8dbd580e34a9ae2f756f14251bff64c14d32124c,0xdac17f958d2ee523a2206206994597c13d831ec7,1653250
0x16cfa7ca52268cfc6d701b0d47f86bfc152694f3,0x6b175474e89094c44da98b954eedeac495271d0f,148997767756745300
0x4950215d3cd07a71114f2dddafa1f845c2cd5360,0xc02aaa39b223fe8d0a0e5c4f27ead9083c756cc2,102681
0x5a34897a6c1607811ae763350839720c02107682,0xbea0000029ad1c77d3d5d23ba2d8893db9d1efab,374900000
0xf9d183af486a973b7921ceb5fdc9908d12aab440,0xc02aaa39b223fe8d0a0e5c4f27ead9083c756cc2,3230259501056219173
0x5767795b4efbf06a40cb36181ac08f47cdb0fcec,0xc02aaa39b223fe8d0a0e5c4f27ead9083c756cc2,46374703133593
0xfd446abde36c9dc02bb872303965484330eda047,0xbea0000029ad1c77d3d5d23ba2d8893db9d1efab,358782830
0x08bf22fb93892583a815c598502b9b0a88124dad,0xc02aaa39b223fe8d0a0e5c4f27ead9083c756cc2,233492850694268425
0xa92ab746eac03e5ec31cd3a879014a7d1e04640c,0x77700005bea4de0a78b956517f099260c2ca9a26,9780917490084386428
0x8c35933c469406c8899882f5c2119649cd5b617f,0xdac17f958d2ee523a2206206994597c13d831ec7,1765477
0xbd3af41fca3511a04ad195de502318e625401a93,0xa0b86991c6218b36c1d19d4a2e9eb0ce3606eb48,732000
0x08bf22fb93892583a815c598502b9b0a88124dad,0xa0b86991c6218b36c1d19d4a2e9eb0ce3606eb48,928078
0x525fbe4bc0607933f4be05ceb22f8a4b6b01800a,0xa0b86991c6218b36c1d19d4a2e9eb0ce3606eb48,486243
0x60fc79ec08c5386f030912f056dca91daec3a488,0xa0b86991c6218b36c1d19d4a2e9eb0ce3606eb48,326252
0xaa4f23a13f25e88ba710243dd59305f382376252,0xdac17f958d2ee523a2206206994597c13d831ec7,649083
0x8d7ee51ec16a0f95c7f241582de8cffb9a4c2293,0xa0b86991c6218b36c1d19d4a2e9eb0ce3606eb48,965243
0x7d0e6ae85c94922427f1b1a1d3022fa186ddb764,0xdac17f958d2ee523a2206206994597c13d831ec7,547074
0xf5bf009bec4cbb93e9571ffb7e1428fffd398191,0xdac17f958d2ee523a2206206994597c13d831ec7,757575
0x0000000002ce79aacd54227d2163ff3791338975,0xbea0000029ad1c77d3d5d23ba2d8893db9d1efab,142458538
0xacc53f19851ce116d52b730aee8772f7bd568821,0xbea0000029ad1c77d3d5d23ba2d8893db9d1efab,784450000
0x2908a0379cbafe2e8e523f735717447579fc3c37,0xa0b86991c6218b36c1d19d4a2e9eb0ce3606eb48,488862
0x11b197e2c61c2959ae84bc7f9db8e3fefe511043,0xa0b86991c6218b36c1d19d4a2e9eb0ce3606eb48,492656
0x6343b307c288432bb9ad9003b4230b08b56b3b82,0xdac17f958d2ee523a2206206994597c13d831ec7,272221
0xb0b822e1c3995503442682caeea1b6c683169d2e,0xdac17f958d2ee523a2206206994597c13d831ec7,2610
0x679b4172e1698579d562d1d8b4774968305b80b2,0xbea0000029ad1c77d3d5d23ba2d8893db9d1efab,39293366
0xa1c83e4f6975646e6a7bfe486a1193e2fe736655,0xa0b86991c6218b36c1d19d4a2e9eb0ce3606eb48,340350
0x1571eb601ee506079a2031adb5cb10722a3a866f,0xdac17f958d2ee523a2206206994597c13d831ec7,154978
0xf869b8e5a54e7d93d98fc7c5c9d48fe972c330ca,0xa0b86991c6218b36c1d19d4a2e9eb0ce3606eb48,331327
0x0e38a4b9b58abd2f4c9b2d5486ba047a47606781,0xa0b86991c6218b36c1d19d4a2e9eb0ce3606eb48,663197
0xaa75c70b7ce3a00cdfa1bf401756bdf5c70889cc,0xbea0000029ad1c77d3d5d23ba2d8893db9d1efab,43851400
0x6d3f3553b5c369c7cee68c07d0b222103f37a0c3,0xbea0000029ad1c77d3d5d23ba2d8893db9d1efab,9998270
0x9662c8e686fe84f468a139b10769d65665c344f9,0xc02aaa39b223fe8d0a0e5c4f27ead9083c756cc2,233041161817517121
0xc9816792c6600e5f5c38b7ca4eaecf8f38e67b68,0xbea0000029ad1c77d3d5d23ba2d8893db9d1efab,20000000000
0xa9b13316697deb755cd86585de872ea09894ef0f,0xdac17f958d2ee523a2206206994597c13d831ec7,112268
0xc0e2324817eaefd075af9f9faf52ffaef45d0c04,0xa0b86991c6218b36c1d19d4a2e9eb0ce3606eb48,1825672
0xdff24806405f62637e0b44cc2903f1dfc7c111cd,0xa0b86991c6218b36c1d19d4a2e9eb0ce3606eb48,498051
0x3a7268413227aed893057a8eb21299b36ec3477e,0xdac17f958d2ee523a2206206994597c13d831ec7,131901753
0x09ad186d43615aa3131c6064538af6e0a643ce12,0xc02aaa39b223fe8d0a0e5c4f27ead9083c756cc2,39445974824054
0x4088e870e785320413288c605fd1bd6bd9d5bdae,0xa0b86991c6218b36c1d19d4a2e9eb0ce3606eb48,87775
0x74f9fadb40bee2574bcdd7c1ed73270373af0d21,0xdac17f958d2ee523a2206206994597c13d831ec7,15719
0xe203096d7583e30888902b2608652c720d6c38da,0xa0b86991c6218b36c1d19d4a2e9eb0ce3606eb48,769456
0x92470bdc0cb1fc2ed3de81c1b5e8668371c12a83,0xbea0000029ad1c77d3d5d23ba2d8893db9d1efab,75964928
0x74f9fadb40bee2574bcdd7c1ed73270373af0d21,0xa0b86991c6218b36c1d19d4a2e9eb0ce3606eb48,2167793
0xc1e088fc1323b20bcbee9bd1b9fc9546db5624c5,0xbea0000029ad1c77d3d5d23ba2d8893db9d1efab,200000000
0x7d23f93e0e7722d40eada37d5afb8bd9c6f57677,0xa0b86991c6218b36c1d19d4a2e9eb0ce3606eb48,1135822
0x4088e870e785320413288c605fd1bd6bd9d5bdae,0xdac17f958d2ee523a2206206994597c13d831ec7,5511560
0x54e7efc4817ceee97b9c9a8e87d1cc6d3ec4d2e1,0xa0b86991c6218b36c1d19d4a2e9eb0ce3606eb48,876019
0x507165ff0417126930d7f79163961de8ff19c8b8,0xa0b86991c6218b36c1d19d4a2e9eb0ce3606eb48,758325
0xa82240bb0291a8ef6e46a4f6b8abf4737b0b5257,0xc02aaa39b223fe8d0a0e5c4f27ead9083c756cc2,188545445861078
0x8fe8686b254e6685d38eabdc88235d74bf0cbead,0xdac17f958d2ee523a2206206994597c13d831ec7,34758
0x5ab404ab63831bfcf824f53b4ac3737b9d155d90,0xa0b86991c6218b36c1d19d4a2e9eb0ce3606eb48,294366
0x87546fa086f625961a900dbfa953662449644492,0xa0b86991c6218b36c1d19d4a2e9eb0ce3606eb48,224957
0x8110331dbad6e7907f60b8bbb0e1a3af3ddb4bbd,0xa0b86991c6218b36c1d19d4a2e9eb0ce3606eb48,877666
0x64298a72f4e3e23387efc409fc424a3f17356fc4,0xbea0000029ad1c77d3d5d23ba2d8893db9d1efab,1425574
0x487175f921a713d8e67a95bcdd75139c35a7d838,0xdac17f958d2ee523a2206206994597c13d831ec7,179317
0x94d29be06f423738f96a5e67a2627b4876098cdc,0xa0b86991c6218b36c1d19d4a2e9eb0ce3606eb48,520049
0x23807719299c9ba3c6d60d4097146259c7a16da3,0xbea0000029ad1c77d3d5d23ba2d8893db9d1efab,390300000
0xd6278e5eea2981b1d4ad89f3d6c44670cad6e427,0xa0b86991c6218b36c1d19d4a2e9eb0ce3606eb48,738057
0xbbd2f625f2ecf6b55dc9de8ec7b538e30c799ac6,0xa0b86991c6218b36c1d19d4a2e9eb0ce3606eb48,2909132
0x75e6e04eb9bb5e4c1e8a57f3c6eb89d7bff63a14,0xa0b86991c6218b36c1d19d4a2e9eb0ce3606eb48,714429
0x735cab9b02fd153174763958ffb4e0a971dd7f29,0x77700005bea4de0a78b956517f099260c2ca9a26,6215490985092509
0x374e518f85ab75c116905fc69f7e0dc9f0e2350c,0xbea0000029ad1c77d3d5d23ba2d8893db9d1efab,269544000
0xa256aa181af9046995af92506498e31e620c747a,0xbea0000029ad1c77d3d5d23ba2d8893db9d1efab,1362676000
0xd5ae1639e5ef6ecf241389894a289a7c0c398241,0xbea0000029ad1c77d3d5d23ba2d8893db9d1efab,59469500
0x297751960dad09c6d38b73538c1cce45457d796d,0xdac17f958d2ee523a2206206994597c13d831ec7,112063
0x5853ed4f26a3fcea565b3fbc698bb19cdf6deb85,0xa0b86991c6218b36c1d19d4a2e9eb0ce3606eb48,763715
0xd71db81be94cba42a39ad7171b36db67b9b464c6,0xdac17f958d2ee523a2206206994597c13d831ec7,1269782
0x69e02d001146a86d4e2995f9ecf906265aa77d85,0xa0b86991c6218b36c1d19d4a2e9eb0ce3606eb48,309332
0xa9b13316697deb755cd86585de872ea09894ef0f,0xc02aaa39b223fe8d0a0e5c4f27ead9083c756cc2,8355925883489377
0x2a5c5e614ac54969790c8e383487289cbaa0af82,0xc02aaa39b223fe8d0a0e5c4f27ead9083c756cc2,1201189172044802
0x848ab321b59da42521d10c07c2453870b9850c8a,0xbea0000029ad1c77d3d5d23ba2d8893db9d1efab,26184998
0x921ed81dee5099d700d447a5acb33fc65ba6bf96,0xc02aaa39b223fe8d0a0e5c4f27ead9083c756cc2,251178116195449
0xb54f4f12c886277eef6e34b7e1c12c4647b820b2,0x1bea3ccd22f4ebd3d37d731ba31eeca95713716d,4235453970
0xe9b05bc1fa8684ee3e01460aac2e64c678b9da5d,0xa0b86991c6218b36c1d19d4a2e9eb0ce3606eb48,140342
0xb5708c38c41e43c8fed7bb5bbc38628204d40dd2,0xa0b86991c6218b36c1d19d4a2e9eb0ce3606eb48,96702123
0xb0b822e1c3995503442682caeea1b6c683169d2e,0xc9c32cd16bf7efb85ff14e0c8603cc90f6f2ee49,933585824021854992
0xf05b641229bb2aa63b205ad8b423a390f7ef05a7,0xdac17f958d2ee523a2206206994597c13d831ec7,14847
0xf092ca027a2dc87d60586c658d8279018c4a6c74,0xdac17f958d2ee523a2206206994597c13d831ec7,342358
0xe105edc9d5e7b473251f91c3205bc62a6a30c446,0xbea0000029ad1c77d3d5d23ba2d8893db9d1efab,9059667
0x34a649fde43ce36882091a010aae2805a9fcff0d,0xdac17f958d2ee523a2206206994597c13d831ec7,341
0xe58c7ff7e492f1d90e7e532e3fb3eaa4d72c7c46,0xc02aaa39b223fe8d0a0e5c4f27ead9083c756cc2,2517517387041023
0xd130ab894366e4376b1afe3d52638a1087be17f4,0xdac17f958d2ee523a2206206994597c13d831ec7,368
0x6cb50febbc4e796635963c1ea9916099c69b4bd9,0xa0b86991c6218b36c1d19d4a2e9eb0ce3606eb48,736181
0xaff0f9e75a6030b342577e29faaa90e5d6f09bce,0xa0b86991c6218b36c1d19d4a2e9eb0ce3606eb48,16291685
0x224e69025a2f705c8f31efb6694398f8fd09ac5c,0xbea0000029ad1c77d3d5d23ba2d8893db9d1efab,1
0x9ada95ce2a188c51824ef76dd49850330af7545f,0xdac17f958d2ee523a2206206994597c13d831ec7,1799253
0x8ac9db9c51e0d077a2fa432868eafd02d9142d53,0xbea0000029ad1c77d3d5d23ba2d8893db9d1efab,35075714
0x463095d9a9a5a3e6776b2cd889b053998fc28fb4,0xa0b86991c6218b36c1d19d4a2e9eb0ce3606eb48,988001
0x52c9a7e7d265a09db125b7369bc7487c589a7604,0xbea0000029ad1c77d3d5d23ba2d8893db9d1efab,700758575
0x41922873b405216bb5a7751c5289f9df853d9a9e,0xbea0000029ad1c77d3d5d23ba2d8893db9d1efab,230416
0x41922873b405216bb5a7751c5289f9df853d9a9e,0xa0b86991c6218b36c1d19d4a2e9eb0ce3606eb48,141091
0x51cf86829ed08be4ab9ebe48630f4d2ed9f54f56,0xa0b86991c6218b36c1d19d4a2e9eb0ce3606eb48,620243
0xc7b42f99c63126b22858f4eed636f805cfe82c91,0xdac17f958d2ee523a2206206994597c13d831ec7,12
0x888e552fc9a9dbfaa5b854bc6f128c1a4142ad28,0xdac17f958d2ee523a2206206994597c13d831ec7,48649234
0x6d4ed8a1599dee2655d51b245f786293e03d58f7,0xbea0000029ad1c77d3d5d23ba2d8893db9d1efab,733
0xc83414abb6655320232faa65ea72663dfd7198ec,0xa0b86991c6218b36c1d19d4a2e9eb0ce3606eb48,814929
0x8ed2b62f6bc83bfbc3380e5fa1271e95f38837e3,0xbea0000029ad1c77d3d5d23ba2d8893db9d1efab,2
0x68572eacf9e64e6dcd6bb19f992bdc4eff465fd0,0xbea0000029ad1c77d3d5d23ba2d8893db9d1efab,14915087
0x36a00b5b1fe482c51e726ab8f92b84499053bf7e,0xbea0000029ad1c77d3d5d23ba2d8893db9d1efab,20704
0x1c42949f6f326fc53e6faade1a4ccb9b5b209a80,0x50b806c5fe274c07e46b96be8c68d2fd2d9597b4,323914401867397118655025158
0x5068aed87a97c063729329c2ebe84cfed3177f83,0xdac17f958d2ee523a2206206994597c13d831ec7,83
0x1bd6aab7dcf6228d3be0c244f1d36e23daac3bae,0xa0b86991c6218b36c1d19d4a2e9eb0ce3606eb48,404105
0x5bca4075dfc8065235cf75c6b15b410e62845fec,0xdac17f958d2ee523a2206206994597c13d831ec7,364682
0x2e34723a04b9bb5938373dcfdd61410f43189246,0xa0b86991c6218b36c1d19d4a2e9eb0ce3606eb48,758130
0xafa2137602a8fa29ae81d2f9d1357f1358c3e758,0xa0b86991c6218b36c1d19d4a2e9eb0ce3606eb48,2079023
0x70a9c497536e98f2dbb7c66911700fe2b2550900,0xbea0000029ad1c77d3d5d23ba2d8893db9d1efab,6356826
0x7cdfc314b89a851054a9acc324171bf8a31593e9,0xc02aaa39b223fe8d0a0e5c4f27ead9083c756cc2,2384483382889
0x94d29be06f423738f96a5e67a2627b4876098cdc,0xdac17f958d2ee523a2206206994597c13d831ec7,1375102
0x49072cd3bf4153da87d5eb30719bb32bda60884b,0xbea0000029ad1c77d3d5d23ba2d8893db9d1efab,41606655
0x95d1c6ecb2951e3111333c987f8a0d939a9b7b09,0xc02aaa39b223fe8d0a0e5c4f27ead9083c756cc2,350339571171351
0x4fcd42eb2557e49c0201fb3283cff62c1baf0fb4,0xbea0000029ad1c77d3d5d23ba2d8893db9d1efab,42433500
0xb54f4f12c886277eef6e34b7e1c12c4647b820b2,0xbea0000029ad1c77d3d5d23ba2d8893db9d1efab,68160400
0x8d98fff066733b1867e83d1e9563dbe2ad93d933,0xa0b86991c6218b36c1d19d4a2e9eb0ce3606eb48,1514958
0xb04fa1fb54a7317efe85a0962f57bd143867730e,0xbea0000029ad1c77d3d5d23ba2d8893db9d1efab,63425000
0xaf3d3a62439a4f608e6ccefe7eb8b3088e723d7b,0xbea0000029ad1c77d3d5d23ba2d8893db9d1efab,69
0x274c44d5aeca4744eb6ef42fede80cbee3cf2ec5,0xbea0000029ad1c77d3d5d23ba2d8893db9d1efab,715
0xf5fc8bf7b937747465229fb1ab213d688796039f,0xbea0000029ad1c77d3d5d23ba2d8893db9d1efab,106002432
0x36b9ab68d5999f060fe8db71e35c8b5201313178,0x6b175474e89094c44da98b954eedeac495271d0f,2199966942663299526
0x3a1bc767d7442355e96ba646ff83706f70518daa,0xdac17f958d2ee523a2206206994597c13d831ec7,100
0x69ee985456c52c85ba2035d8fd8bfe0a51f0e0d2,0xbea0000029ad1c77d3d5d23ba2d8893db9d1efab,939900
0x4ab209010345978254f1757a88cac93cd19987a8,0xbea0000029ad1c77d3d5d23ba2d8893db9d1efab,75377918
0xc4ff293174198e9aeb8f655673100eeedcbbfb1a,0xbea0000029ad1c77d3d5d23ba2d8893db9d1efab,664087589
0x43b79f1e529330f1568e8741f1c04107db25eb28,0x6c3f90f043a72fa612cbac8115ee7e52bde6e490,2398321092906622342799
0x8d4122ffe442de3574871b9648868c1c3396a0af,0xa0b86991c6218b36c1d19d4a2e9eb0ce3606eb48,1442108
0xe3b2fc5a80b80c8f668484171d7395e3fde76670,0xa0b86991c6218b36c1d19d4a2e9eb0ce3606eb48,401270
0xf95ecba30184289d15926eb61337839e973a97df,0xbea0000029ad1c77d3d5d23ba2d8893db9d1efab,12544576
0x5c0ed0a799c7025d3c9f10c561249a996502a62f,0xbea0000029ad1c77d3d5d23ba2d8893db9d1efab,19654
0xbe2075ac5b3d3e92293c0e3f3ea3f503f8c0354d,0xdac17f958d2ee523a2206206994597c13d831ec7,105983
0x4179fb53e818c228803cf30d88bc0597189f141c,0xa0b86991c6218b36c1d19d4a2e9eb0ce3606eb48,485922
0x21de18b6a8f78ede6d16c50a167f6b222dc08df7,0xbea0000029ad1c77d3d5d23ba2d8893db9d1efab,390321000000
0xc09dc9d451d051d63ddef9a4f4365fbfac65a22b,0xbea0000029ad1c77d3d5d23ba2d8893db9d1efab,5411805
0x80915e89ffe836216866d16ec4f693053f205179,0xbea0000029ad1c77d3d5d23ba2d8893db9d1efab,1467343
0x5b9a2267a9e9b81fbf01ba10026fcb7b2f7304d3,0xc02aaa39b223fe8d0a0e5c4f27ead9083c756cc2,2085843413224015
0xb11903ec9e1036f1a3fafe5815e84d8c1f62e254,0xa0b86991c6218b36c1d19d4a2e9eb0ce3606eb48,838826
0xcada41bdb95227ee3f3c2f4a37a843d384fbb48d,0xbea0000029ad1c77d3d5d23ba2d8893db9d1efab,1893600000
0x23d00c9f45e8c8d59e6fb60c20f659b2ead29c1b,0xbea0000029ad1c77d3d5d23ba2d8893db9d1efab,2500000000
0xc47214a1a269f5fe7bb5ce462a2df514de60118c,0xdac17f958d2ee523a2206206994597c13d831ec7,1745165
0x25cfb95e1d64e271c1edacc12b4c9032e2824905,0xdac17f958d2ee523a2206206994597c13d831ec7,85484
0xb423a1e013812fcc9ab47523297e6be42fb6157e,0xbea0000029ad1c77d3d5d23ba2d8893db9d1efab,12789280
0x6afbf03fe3bea05640da67ae9f0b136c783e315d,0xa0b86991c6218b36c1d19d4a2e9eb0ce3606eb48,524509
0x5f074e4afb3547407614bc55a103d76a4e05ba04,0xa0b86991c6218b36c1d19d4a2e9eb0ce3606eb48,54743
0x925753106fcdb6d2f30c3db295328a0a1c5fd1d1,0xdac17f958d2ee523a2206206994597c13d831ec7,238
0x1c42949f6f326fc53e6faade1a4ccb9b5b209a80,0x576e2bed8f7b46d34016198911cdf9886f78bea7,177344222399934
0xd1720e80f9820a1e980e5f5f1b644cde257b6bf0,0xa0b86991c6218b36c1d19d4a2e9eb0ce3606eb48,30348
0xc52a0b002ac4e62be0d269a948e55d126a48c767,0xbea0000029ad1c77d3d5d23ba2d8893db9d1efab,166781430
0x25cfb95e1d64e271c1edacc12b4c9032e2824905,0xa0b86991c6218b36c1d19d4a2e9eb0ce3606eb48,531574
0x46beff3c23e91009699a7cb0b997911f16829dd0,0xbea0000029ad1c77d3d5d23ba2d8893db9d1efab,25000000000
0x53c9accdd1c2162b416899edb87eb69c58affacf,0xbea0000029ad1c77d3d5d23ba2d8893db9d1efab,4972374
0xb1fe6937a51870ea66b863be76d668fc98694f25,0xbea0000029ad1c77d3d5d23ba2d8893db9d1efab,64704785
0xea3154098a58eebfa89d705f563e6c5ac924959e,0xdac17f958d2ee523a2206206994597c13d831ec7,484153
0xb5dc9dc6820e4ee9a1d844842eee6256d2bc8399,0xbea0000029ad1c77d3d5d23ba2d8893db9d1efab,145514880
0xdd11460317c683e4057e115eb14e1c9f7ca41e12,0xbea0000029ad1c77d3d5d23ba2d8893db9d1efab,49969000
0x44e836ebfef431e57442037b819b23fd29bc3b69,0xa0b86991c6218b36c1d19d4a2e9eb0ce3606eb48,572281
0x43e7d33f026ae402a87700f314f8fd1556e3f0de,0xc02aaa39b223fe8d0a0e5c4f27ead9083c756cc2,1021930781715307
0xd6f2bea66fcba0b9f426e185f3c98f6585c746d3,0xa0b86991c6218b36c1d19d4a2e9eb0ce3606eb48,835040
0x7aaee144a14ec3ba0e468c9dcf4a89fdb62c5aa6,0xc02aaa39b223fe8d0a0e5c4f27ead9083c756cc2,10847511955389974
0xea3154098a58eebfa89d705f563e6c5ac924959e,0xbea0000029ad1c77d3d5d23ba2d8893db9d1efab,11301720
0xc87dea322dc889eb8a10eece2c89ebac586eb95e,0xbea0000029ad1c77d3d5d23ba2d8893db9d1efab,85649600
0xb871ee8c6b280463068627502c36b33cc79cc8d3,0xa0b86991c6218b36c1d19d4a2e9eb0ce3606eb48,2113754
0x9c8fc7e1beaa9152b555d081c4bcc326cb13c72b,0xdac17f958d2ee523a2206206994597c13d831ec7,10992068
0x848ab321b59da42521d10c07c2453870b9850c8a,0xdac17f958d2ee523a2206206994597c13d831ec7,1
0x54e7efc4817ceee97b9c9a8e87d1cc6d3ec4d2e1,0xdac17f958d2ee523a2206206994597c13d831ec7,198513
0x5a57711b103c6039eaddc160b94c932d499c6736,0xa0b86991c6218b36c1d19d4a2e9eb0ce3606eb48,765921
0xbb2e54038196a51f6a42a9bb5ad6bd0eb2cf6c01,0xa0b86991c6218b36c1d19d4a2e9eb0ce3606eb48,118366
0x3750c00525b6d1aeee4575a4450e87e2795ee4c9,0xa0b86991c6218b36c1d19d4a2e9eb0ce3606eb48,170454
0x6817be388a855cfa0f236adcebb56d7dc1dbd0cf,0xa0b86991c6218b36c1d19d4a2e9eb0ce3606eb48,1492380
0xd54fdf2c1a19bb5abe5bd4c32623f0ddd1752709,0xdac17f958d2ee523a2206206994597c13d831ec7,19098013
0x53c9accdd1c2162b416899edb87eb69c58affacf,0xa0b86991c6218b36c1d19d4a2e9eb0ce3606eb48,643159
0x2d0ba6af26c6738feaacb6d85da29d3fadda1706,0xc02aaa39b223fe8d0a0e5c4f27ead9083c756cc2,200900474626738468
0x8b77eddca6a168d90f456be6b8e00877d4fd6048,0xdac17f958d2ee523a2206206994597c13d831ec7,98127
0x46387563927595f5ef11952f74dcc2ce2e871e73,0xa0b86991c6218b36c1d19d4a2e9eb0ce3606eb48,686953
0xd03c52b3256b5e102ce4bf6bb53d4be9d9963838,0xa0b86991c6218b36c1d19d4a2e9eb0ce3606eb48,282862092
0x5c0ed0a799c7025d3c9f10c561249a996502a62f,0xdac17f958d2ee523a2206206994597c13d831ec7,35503
0x5c0ed0a799c7025d3c9f10c561249a996502a62f,0xa0b86991c6218b36c1d19d4a2e9eb0ce3606eb48,606405
0xc85b16c4da8d63125ecc2558938d7ef4d47eeb40,0xbea0000029ad1c77d3d5d23ba2d8893db9d1efab,57407759
0x24f8ecf02cd9e3b21ceb16a468096a5f7f319ef3,0xa0b86991c6218b36c1d19d4a2e9eb0ce3606eb48,912204
0xc12df5f402a8b8beaea49ed9bad9c95fccbfe907,0xc02aaa39b223fe8d0a0e5c4f27ead9083c756cc2,282740490173334
0xe2cfba3e0a8ce0825c5cbefdc60d7e78cc35aaf3,0xdac17f958d2ee523a2206206994597c13d831ec7,1042840
0xf6f46f437691b6c42cd92c91b1b7c251d6793222,0xa0b86991c6218b36c1d19d4a2e9eb0ce3606eb48,953674
0xafa2137602a8fa29ae81d2f9d1357f1358c3e758,0xdac17f958d2ee523a2206206994597c13d831ec7,6
0x026a8f79db3d678e5881a9e42cc50e7ac88aaf25,0xbea0000029ad1c77d3d5d23ba2d8893db9d1efab,652486175
0x4b10da491b54ffe167ec5aaf7046804fada027d2,0xbea0000029ad1c77d3d5d23ba2d8893db9d1efab,2736513
0x5da78b69ffe8506f098a7df708b7dcd5a9f1c541,0x7f39c581f595b53c5cb19bd0b3f8da6c935e2ca0,3654275329795261281
0x41bf3c5167494cbca4c08122237c1620a78267ab,0xbea0000029ad1c77d3d5d23ba2d8893db9d1efab,10486297
0x921ed81dee5099d700d447a5acb33fc65ba6bf96,0xdac17f958d2ee523a2206206994597c13d831ec7,3
0x3bf9cb2117585f5b0680e9f959090a84e63afb58,0xbea0000029ad1c77d3d5d23ba2d8893db9d1efab,971115000
0xfc748762f301229bcea219b584fdf8423d8060a1,0xbea0000029ad1c77d3d5d23ba2d8893db9d1efab,147058040
0xb64f17d47adf05fe3691ebbdfcecdf0aa5de98d6,0xc02aaa39b223fe8d0a0e5c4f27ead9083c756cc2,60495450120441336
0x9a00beffa3fc064104b71f6b7ea93babdc44d9da,0x77700005bea4de0a78b956517f099260c2ca9a26,1957580736531475
0xcc977dfb5c0a7e1bd87145f56502ac67c951eb6a,0xc02aaa39b223fe8d0a0e5c4f27ead9083c756cc2,52026679315618
0xf3999f964ff170e2268ba4c900e47d72313079c5,0xbea0000029ad1c77d3d5d23ba2d8893db9d1efab,48998203
0x6a93946254899a34fdcb7fbf92dfd2e4ec1399e7,0xc02aaa39b223fe8d0a0e5c4f27ead9083c756cc2,1659794867598790809
0xb70e3a9573ae3de81f15257b1d5a0f20847de138,0xbea0000029ad1c77d3d5d23ba2d8893db9d1efab,37646271
0x43b79f1e529330f1568e8741f1c04107db25eb28,0xbea0000029ad1c77d3d5d23ba2d8893db9d1efab,69149000
0xe3b2fc5a80b80c8f668484171d7395e3fde76670,0xbea0000029ad1c77d3d5d23ba2d8893db9d1efab,830169734
0x43816d942fa5977425d2af2a4fc5adef907de010,0xbea0000029ad1c77d3d5d23ba2d8893db9d1efab,100000000
0x7bf4b9d4ec3b9aab1f00dad63ea58389b9f68909,0xbea0000029ad1c77d3d5d23ba2d8893db9d1efab,134925000
0x4a52078e4706884fc899b2df902c4d2d852bf527,0xa0b86991c6218b36c1d19d4a2e9eb0ce3606eb48,801511
0x687f2e6baf351ca45594fc8a06c72fd1cc6c06f3,0xa0b86991c6218b36c1d19d4a2e9eb0ce3606eb48,522765
0x6d9e32b4fecb5af4d6b2ff24279e5c92fcc9953f,0xdac17f958d2ee523a2206206994597c13d831ec7,5813623
0x925753106fcdb6d2f30c3db295328a0a1c5fd1d1,0xbea0000029ad1c77d3d5d23ba2d8893db9d1efab,778846626
0x4fcd42eb2557e49c0201fb3283cff62c1baf0fb4,0xdac17f958d2ee523a2206206994597c13d831ec7,989
0x48a2bc5dc9e3c5c0421e0483bf0648aaee87daca,0xa0b86991c6218b36c1d19d4a2e9eb0ce3606eb48,835068
0xc6e76a8ca58b58a72116d73256990f6b54edc096,0xc02aaa39b223fe8d0a0e5c4f27ead9083c756cc2,622411612861628
0x995d1e4e2807ef2a8d7614b607a89be096313916,0xa0b86991c6218b36c1d19d4a2e9eb0ce3606eb48,1680181
0xc7c1b169a8d3c5f2d6b25642c4d10da94ffcd3c9,0xdac17f958d2ee523a2206206994597c13d831ec7,232790
0x80b9aa22ccda52f40be998eeb19db4d08fafec3e,0xa0b86991c6218b36c1d19d4a2e9eb0ce3606eb48,2793504
0x7da66c591bfc8d99291385b8221c69ab9b3e0f0e,0xdac17f958d2ee523a2206206994597c13d831ec7,352
0xd2d533b30af2c22c5af822035046d951b2d0bd57,0xa0b86991c6218b36c1d19d4a2e9eb0ce3606eb48,2934059
0x3c5aac016ef2f178e8699d6208796a2d67557fe2,0xa0b86991c6218b36c1d19d4a2e9eb0ce3606eb48,299594
0x394c357db3177e33bde63f259f0eb2c04a46827c,0xa0b86991c6218b36c1d19d4a2e9eb0ce3606eb48,1697157
0x4950215d3cd07a71114f2dddafa1f845c2cd5360,0xdac17f958d2ee523a2206206994597c13d831ec7,35219
0x38c5ca4ee678d4f9d8d94a7f238e2700a8978b36,0xbea0000029ad1c77d3d5d23ba2d8893db9d1efab,6927000
0x468325e9ed9bbef9e0b61f15bffa3a349bf11719,0xc02aaa39b223fe8d0a0e5c4f27ead9083c756cc2,49630885935852
0x400609fdd8fd4882b503a55aeb59c24a39d66555,0xbea0000029ad1c77d3d5d23ba2d8893db9d1efab,545283200
0x36def8a94e727a0ff7b01d2f50780f0a28fb74b6,0xbea0000029ad1c77d3d5d23ba2d8893db9d1efab,219700
0xb47b228a5c8b3be5c18e4a09d31e00f8be26014c,0xa0b86991c6218b36c1d19d4a2e9eb0ce3606eb48,138535
0xa1a234791392c42bd0c95e37e6908ae704d595bd,0xa0b86991c6218b36c1d19d4a2e9eb0ce3606eb48,642542
0xc9816792c6600e5f5c38b7ca4eaecf8f38e67b68,0xa0b86991c6218b36c1d19d4a2e9eb0ce3606eb48,57113276824
0x4432e64624f4c64633466655de3d5132ad407343,0xdac17f958d2ee523a2206206994597c13d831ec7,2050320
0xa83bd0784ddcb78130ab58e52808c4ae937cf138,0xa0b86991c6218b36c1d19d4a2e9eb0ce3606eb48,250000000
0x589b9549dd7158f75ba43d8fcd25efebb55f823f,0xa0b86991c6218b36c1d19d4a2e9eb0ce3606eb48,587821
0x394c357db3177e33bde63f259f0eb2c04a46827c,0xdac17f958d2ee523a2206206994597c13d831ec7,26772182
0x0a53d9586dd052a06fca7649a02b973cc164c1b4,0xbea0000029ad1c77d3d5d23ba2d8893db9d1efab,32535468
0x5bca4075dfc8065235cf75c6b15b410e62845fec,0xbea0000029ad1c77d3d5d23ba2d8893db9d1efab,242
0x124904f20eb8cf3b43a64ee728d01337b1ddc2b1,0xa0b86991c6218b36c1d19d4a2e9eb0ce3606eb48,280175
0x71f9ccd68bf1f5f9b571f509e0765a04ca4ffad2,0xc02aaa39b223fe8d0a0e5c4f27ead9083c756cc2,349341322192882
0x5c62fab7897ec68ece66a64d7fadf5f0e139b1e7,0xbea0000029ad1c77d3d5d23ba2d8893db9d1efab,5229800
0x648457fc44eaaf5b1feb75974c826f1ca44745b7,0xbea0000029ad1c77d3d5d23ba2d8893db9d1efab,191822050
0x184cbd89e91039e6b1ef94753b3fd41c55e40888,0xa0b86991c6218b36c1d19d4a2e9eb0ce3606eb48,62074
0x876133657f5356e376b7ae27d251444727ce9488,0xbea0000029ad1c77d3d5d23ba2d8893db9d1efab,159547680
0x80a2527a444c4f2b57a247191cdf1308c9eb210d,0xdac17f958d2ee523a2206206994597c13d831ec7,16699
0xa3d63491abf28803116569058a263b1a407e66fb,0xbea0000029ad1c77d3d5d23ba2d8893db9d1efab,45458267
0x52743eeb6f8b141a0c5b1ac654a5ffb16dd1b217,0xbea0000029ad1c77d3d5d23ba2d8893db9d1efab,52619580
0x9cfd5052dc827c11a6b3ab2bb5091773765ea2c8,0xa0b86991c6218b36c1d19d4a2e9eb0ce3606eb48,4823172602
0xe58c7ff7e492f1d90e7e532e3fb3eaa4d72c7c46,0xdac17f958d2ee523a2206206994597c13d831ec7,7
0xf13d8d9e5ff8b123ffa5f5e981da1685275ce176,0xa0b86991c6218b36c1d19d4a2e9eb0ce3606eb48,797466
0xf1fced5b0475a935b49b95786adbda2d40794d2d,0xc02aaa39b223fe8d0a0e5c4f27ead9083c756cc2,59779257669578
0x87a62b0b5f0dcd16a3d92fb19b188c9ff9f067c2,0xa0b86991c6218b36c1d19d4a2e9eb0ce3606eb48,162417219
0xcfff6932d4ada56f6f1aedaa61f6947cec95d90a,0xbea0000029ad1c77d3d5d23ba2d8893db9d1efab,112569613
0x86d2b66b977d8e99ac032ea58904065ca481359c,0xbea0000029ad1c77d3d5d23ba2d8893db9d1efab,856
0x8a8073ce976490d9e13953b3d85a65476f27712f,0xbea0000029ad1c77d3d5d23ba2d8893db9d1efab,4000000000
0xcb89e2300e22ec273f39e69e79e468723ad65158,0xa0b86991c6218b36c1d19d4a2e9eb0ce3606eb48,331716
0xa31cff6aa0af969b6d9137690cf1557908df861b,0xdac17f958d2ee523a2206206994597c13d831ec7,533
0x3e763998e3c70b15347d68dc93a9ca021385675d,0xbea0000029ad1c77d3d5d23ba2d8893db9d1efab,385
0x1348ea8e35236aa0769b91ae291e7291117bf15c,0xa0b86991c6218b36c1d19d4a2e9eb0ce3606eb48,768713809
0xe3cd19fabc17ba4b3d11341aa06b6f245de3f9a6,0xc02aaa39b223fe8d0a0e5c4f27ead9083c756cc2,23252744751
0x9c52dc78bd84007bf63987806f0aeeece0ef14a6,0xbea0000029ad1c77d3d5d23ba2d8893db9d1efab,2995
0x8d9261369e3bfba715f63303236c324d2e3c44ec,0xdac17f958d2ee523a2206206994597c13d831ec7,4820
0x96cf76eaa90a79f8a69893de24f1cb7dd02d07fb,0xdac17f958d2ee523a2206206994597c13d831ec7,6260165
0x297751960dad09c6d38b73538c1cce45457d796d,0xa0b86991c6218b36c1d19d4a2e9eb0ce3606eb48,2359234
0x6343b307c288432bb9ad9003b4230b08b56b3b82,0xa0b86991c6218b36c1d19d4a2e9eb0ce3606eb48,227630
0x0245934a930544c7046069968eb4339b03addfcf,0xc02aaa39b223fe8d0a0e5c4f27ead9083c756cc2,132723607168152499
0x90f15e09b8fb5bc080b968170c638920db3a3446,0xa0b86991c6218b36c1d19d4a2e9eb0ce3606eb48,188488142
0xc89a6f24b352d35e783ae7c330462a3f44242e89,0xdac17f958d2ee523a2206206994597c13d831ec7,134691
0x09ad186d43615aa3131c6064538af6e0a643ce12,0xdac17f958d2ee523a2206206994597c13d831ec7,5
0xf466de56882df65f6bbb9a614ed79c0e3e3ba18f,0xbea0000029ad1c77d3d5d23ba2d8893db9d1efab,17631419
0x2e40961fd5abd053128d2e724a61260c30715934,0xbea0000029ad1c77d3d5d23ba2d8893db9d1efab,2311
0x21fa512af0cf5ab3057c7d6fc3b9520baa71833d,0xa0b86991c6218b36c1d19d4a2e9eb0ce3606eb48,126400
0x9ada95ce2a188c51824ef76dd49850330af7545f,0xa0b86991c6218b36c1d19d4a2e9eb0ce3606eb48,781891
0x4ca3e5bdf3823febbe18f9664cded14b7243971c,0xdac17f958d2ee523a2206206994597c13d831ec7,625814
0x559fb65c37ca2f546d869b6ff03cfb22dafde9df,0xa0b86991c6218b36c1d19d4a2e9eb0ce3606eb48,596920
0x60fc79ec08c5386f030912f056dca91daec3a488,0xbea0000029ad1c77d3d5d23ba2d8893db9d1efab,24542561
0xb78003fcb54444e289969154a27ca3106b3f41f6,0xbea0000029ad1c77d3d5d23ba2d8893db9d1efab,293603111
0x483cdc51a29df38adec82e1bb3f0ae197142a351,0xa0b86991c6218b36c1d19d4a2e9eb0ce3606eb48,6890767800
0x91443af8b0b551ba45208f03d32b22029969576c,0xbea0000029ad1c77d3d5d23ba2d8893db9d1efab,289100044
0xb05ddf68b87c94a24220c72646077d8375c6bf34,0xa0b86991c6218b36c1d19d4a2e9eb0ce3606eb48,1119725008
0x90030396f05aa263776c15e418a908da4b018157,0xa0b86991c6218b36c1d19d4a2e9eb0ce3606eb48,710285
0xe45d85b382efd7833da1b8cab53b203d22340b1a,0xa0b86991c6218b36c1d19d4a2e9eb0ce3606eb48,475062
0xfd446abde36c9dc02bb872303965484330eda047,0xa0b86991c6218b36c1d19d4a2e9eb0ce3606eb48,992051
0xd15b5fa5370f0c3cc068f107b7691e6dab678799,0xc02aaa39b223fe8d0a0e5c4f27ead9083c756cc2,256018316616088
0x70c61c13ccef8c8a7e74933dfb037aae0c2bea31,0xc9c32cd16bf7efb85ff14e0c8603cc90f6f2ee49,470057585853509161
0x82ff15f5de70250a96fc07a0e831d3e391e47c48,0xa0b86991c6218b36c1d19d4a2e9eb0ce3606eb48,494572
0x8ed2b62f6bc83bfbc3380e5fa1271e95f38837e3,0xdac17f958d2ee523a2206206994597c13d831ec7,49336
0x4dae7e6c0ca196643012cdc526bbc6b445a2ca59,0xdac17f958d2ee523a2206206994597c13d831ec7,36406
0x507165ff0417126930d7f79163961de8ff19c8b8,0xdac17f958d2ee523a2206206994597c13d831ec7,1549217
0x468325e9ed9bbef9e0b61f15bffa3a349bf11719,0xa0b86991c6218b36c1d19d4a2e9eb0ce3606eb48,862161
0xaffa4d2ba07f854f3dc34d2c4ce3c1602731043f,0xa0b86991c6218b36c1d19d4a2e9eb0ce3606eb48,447302
0x672ce9a5a136b5be11215ce36d256149cdf47914,0xdac17f958d2ee523a2206206994597c13d831ec7,697571
0x3c43674dfa916d791614827a50353fe65227b7f3,0xa0b86991c6218b36c1d19d4a2e9eb0ce3606eb48,462113
0x4438767155537c3ed7696aeea2c758f9cf1da82d,0xa0b86991c6218b36c1d19d4a2e9eb0ce3606eb48,708447
0x14f78bdcccd12c4f963bd0457212b3517f974b2b,0xbea0000029ad1c77d3d5d23ba2d8893db9d1efab,1151652853
0xf4a9e7325472e4b2b1d510a2052104a3afa5ad05,0xbea0000029ad1c77d3d5d23ba2d8893db9d1efab,1
0x4465c4474703bb199c6ed15c97b6e32bd211cf9d,0xbea0000029ad1c77d3d5d23ba2d8893db9d1efab,2277728
0x79bd65c17537daa78152e6018ec6db63c6be57f5,0xa0b86991c6218b36c1d19d4a2e9eb0ce3606eb48,43406
0x8dbd580e34a9ae2f756f14251bff64c14d32124c,0xa0b86991c6218b36c1d19d4a2e9eb0ce3606eb48,256325
0x7893b13e58310cdac183e5ba95774405ce373f83,0xdac17f958d2ee523a2206206994597c13d831ec7,526937
0xe9b05bc1fa8684ee3e01460aac2e64c678b9da5d,0xbea0000029ad1c77d3d5d23ba2d8893db9d1efab,166392045
0xf466de56882df65f6bbb9a614ed79c0e3e3ba18f,0xa0b86991c6218b36c1d19d4a2e9eb0ce3606eb48,878458
0x6c3e007377effd74afe237ce3b0aeef969b63c91,0xa0b86991c6218b36c1d19d4a2e9eb0ce3606eb48,1598270666
0xc0fcfd732d6ed4ad1afb182a080f31e74fc0f28d,0xa0b86991c6218b36c1d19d4a2e9eb0ce3606eb48,2609808
0xc09dc9d451d051d63ddef9a4f4365fbfac65a22b,0xdac17f958d2ee523a2206206994597c13d831ec7,342105
0x3e192315a9974c8dc51fb9dde209692b270d7c49,0xa0b86991c6218b36c1d19d4a2e9eb0ce3606eb48,874050
0x43e7d33f026ae402a87700f314f8fd1556e3f0de,0xdac17f958d2ee523a2206206994597c13d831ec7,28858362
0xcd805f0a5f1a26e3b344b31539aaf84f527bf2db,0xa0b86991c6218b36c1d19d4a2e9eb0ce3606eb48,862294
0x394feae00cdf5ecb59728421dd7052b7654833a3,0xbea0000029ad1c77d3d5d23ba2d8893db9d1efab,213649560
0xb9f14efae1d14b6d06816b6e3a5f6e79c87232fa,0xbea0000029ad1c77d3d5d23ba2d8893db9d1efab,97793820
0x9832ee476d66b58d185b7bd46d05cbcbe4e543e1,0xbea0000029ad1c77d3d5d23ba2d8893db9d1efab,38920000
0x78fd06a971d8bd1ccf3ba2e16cd2d5ea451933e2,0xa0b86991c6218b36c1d19d4a2e9eb0ce3606eb48,565794
0x182f038b5b8fd9d9de5d616c9d85fd9fba2a625d,0xdac17f958d2ee523a2206206994597c13d831ec7,3293
0x3a81cce57848c2b84d575805b75dbc7dc1f99ab1,0xbea0000029ad1c77d3d5d23ba2d8893db9d1efab,3
0x19831b174e9deabf9e4b355aadfd157f09e2af1f,0xa0b86991c6218b36c1d19d4a2e9eb0ce3606eb48,413265
0x5b9a2267a9e9b81fbf01ba10026fcb7b2f7304d3,0xa0b86991c6218b36c1d19d4a2e9eb0ce3606eb48,57779
0x1416c1fed9c635ae1673118131c0880fcf71e3f3,0xbea0000029ad1c77d3d5d23ba2d8893db9d1efab,321206928
0x542a94e6f4d9d15aae550f7097d089f273e38f85,0xbea0000029ad1c77d3d5d23ba2d8893db9d1efab,44050
0x70c65accb3806917e0965c08a4a7d6c72f17651a,0xbea0000029ad1c77d3d5d23ba2d8893db9d1efab,16
0x4ab209010345978254f1757a88cac93cd19987a8,0xa0b86991c6218b36c1d19d4a2e9eb0ce3606eb48,808855
0xc09dc9d451d051d63ddef9a4f4365fbfac65a22b,0xa0b86991c6218b36c1d19d4a2e9eb0ce3606eb48,245598
0x237daad83c82e0be93dc5007987f2c232db1638c,0xa0b86991c6218b36c1d19d4a2e9eb0ce3606eb48,401315
0x463095d9a9a5a3e6776b2cd889b053998fc28fb4,0xdac17f958d2ee523a2206206994597c13d831ec7,13468
0xbf8afa76bcc2f7fee2f3b358571f426a698e5edd,0xbea0000029ad1c77d3d5d23ba2d8893db9d1efab,7732400000
0x072fa8a20fa621665b94745a8075073ceadfe1dc,0xbea0000029ad1c77d3d5d23ba2d8893db9d1efab,36859968
0x4088e870e785320413288c605fd1bd6bd9d5bdae,0xbea0000029ad1c77d3d5d23ba2d8893db9d1efab,157434688
0x3c5a438a2c19d024a3e53c27d45fafac9a45b4f7,0xa0b86991c6218b36c1d19d4a2e9eb0ce3606eb48,689027
